{
    "accuracy": [
        0.5878857374191284,
        0.7633714079856873,
        0.8432571291923523,
        0.7690285444259644,
        0.855828583240509,
        0.8853714466094971,
        0.9054856896400452,
        0.9186285734176636,
        0.9327428340911865,
        0.9386857151985168
    ],
    "loss": [
        0.6654428839683533,
        0.5031927824020386,
        0.36962655186653137,
        0.48902225494384766,
        0.34894707798957825,
        0.29083865880966187,
        0.24971942603588104,
        0.22263045608997345,
        0.191412091255188,
        0.1740916222333908
    ],
    "val_accuracy": [
        0.6286666393280029,
        0.7942666411399841,
        0.7953333258628845,
        0.7705333232879639,
        0.7909333109855652,
        0.7905333042144775,
        0.7843999862670898,
        0.7892000079154968,
        0.7847999930381775,
        0.7847999930381775
    ],
    "val_loss": [
        0.6326519250869751,
        0.4701301157474518,
        0.46970048546791077,
        0.4976864457130432,
        0.4857218861579895,
        0.49953171610832214,
        0.5111584663391113,
        0.520661473274231,
        0.5488370656967163,
        0.5791304111480713
    ]
}